student_id,immigrant,female,minority,distance_band,ses_father,ses_mother,avg_kttx_h1,abs_phep_h1,abs_nophep_h1,diem_giua_ky,abs_phep_h2,abs_nophep_h2,delta_phep_h2,delta_nophep_h2,kttx3,kttx4,diem_cuoi_ky,tb_hoc_ky,y
MK2_0001,0,1,0,0,2,1,6.05,0,0,4.0,0,0,0,0,5.0,3.5,3.0,4.2,0
MK2_0002,0,0,0,0,4,2,5.75,0,0,5.5,0,0,0,0,6.5,5.0,3.8,5.0,1
MK2_0003,0,1,0,3,1,3,7.8,0,0,7.3,0,0,0,0,8.3,8.5,5.5,7.1,1
MK2_0004,0,0,0,0,2,4,8.15,0,0,8.0,0,0,0,0,9.0,7.5,6.9,7.7,1
MK2_0005,0,0,0,1,1,1,3.75,0,0,2.8,0,0,0,0,3.8,5.3,2.6,3.3,0
MK2_0006,0,0,0,0,2,2,6.05,0,1,6.8,1,3,1,2,7.8,3.0,2.9,5.0,1
MK2_0007,0,0,0,1,2,1,3.0,0,0,3.0,1,0,1,0,4.0,2.8,1.6,2.6,0
MK2_0008,0,0,0,1,1,1,4.9,0,0,3.3,1,0,1,0,4.3,3.8,4.3,4.2,0
MK2_0009,0,0,0,1,1,2,8.3,0,0,7.5,0,0,0,0,8.5,8.5,8.8,8.3,1
MK2_0010,0,0,0,0,1,1,6.3,0,0,6.5,1,0,1,0,7.5,5.3,6.9,6.6,1
MK2_0011,1,0,0,1,2,4,5.3,0,1,5.5,1,1,1,0,6.5,3.3,5.3,5.3,1
MK2_0012,0,0,0,1,1,1,2.65,0,0,2.8,1,0,1,0,3.8,3.0,2.9,2.9,0
MK2_0013,0,1,0,1,1,1,7.0,0,0,5.5,0,0,0,0,6.5,2.8,4.0,5.1,1
MK2_0014,0,1,0,0,4,0,4.65,0,0,5.0,0,0,0,0,6.0,5.0,6.1,5.4,1
MK2_0015,0,1,0,2,1,1,6.0,0,0,6.3,0,0,0,0,7.3,4.0,5.0,5.7,1
MK2_0016,0,0,0,0,2,2,3.05,0,0,4.5,0,0,0,0,5.5,2.0,3.2,3.6,0
MK2_0017,0,1,0,0,2,3,5.5,0,0,2.5,0,0,0,0,3.5,3.3,2.1,3.2,0
MK2_0018,0,1,0,1,2,2,5.4,0,0,5.0,0,0,0,0,6.0,3.5,4.5,4.9,0
MK2_0019,0,0,0,0,4,4,8.75,1,0,10.0,2,0,1,0,10.0,10.0,9.5,9.6,1
MK2_0020,0,0,0,0,1,2,4.5,0,0,3.3,0,0,0,0,4.3,2.8,3.7,3.8,0
MK2_0021,0,0,0,0,2,3,6.4,0,0,4.8,0,0,0,0,5.8,5.0,4.9,5.3,1
MK2_0022,0,1,0,0,4,4,8.3,0,0,8.0,0,0,0,0,9.0,7.0,6.3,7.5,1
MK2_0023,0,0,0,1,1,2,4.4,0,0,4.3,1,0,1,0,5.3,2.3,3.1,3.8,0
MK2_0024,0,0,0,1,1,1,5.4,0,0,4.5,0,0,0,0,5.5,5.8,4.9,5.1,1
MK2_0025,0,1,0,0,2,2,5.55,0,0,4.8,1,0,1,0,5.8,5.8,4.7,5.2,1
MK2_0026,0,1,0,0,1,1,6.5,0,1,5.5,2,1,2,0,6.5,5.3,3.9,5.3,1
MK2_0027,0,1,1,0,4,1,9.5,0,0,9.5,0,0,0,0,10.0,7.8,7.4,8.7,1
MK2_0028,0,0,0,0,2,2,6.4,0,0,3.5,0,0,0,0,4.5,5.0,3.3,4.4,0
MK2_0029,0,0,0,0,2,1,3.65,0,0,5.5,1,0,1,0,6.5,3.8,2.2,3.9,0
MK2_0030,0,1,0,1,2,1,8.75,0,0,8.5,0,0,0,0,9.5,9.8,6.7,8.2,1
MK2_0031,0,1,0,0,2,1,6.5,0,0,6.8,1,0,1,0,7.8,6.5,5.0,6.2,1
MK2_0032,1,1,0,0,2,1,8.05,0,0,7.0,0,0,0,0,8.0,5.0,5.6,6.7,1
MK2_0033,0,1,0,0,3,1,4.0,1,0,5.5,6,1,5,1,6.5,5.0,4.4,4.9,0
MK2_0034,0,0,0,0,1,1,4.3,0,0,2.3,0,0,0,0,3.3,5.0,4.7,4.0,0
MK2_0035,0,0,0,0,0,1,3.4,0,0,4.8,0,0,0,0,5.8,3.5,4.5,4.4,0
MK2_0036,0,0,0,1,2,2,3.65,2,1,1.5,3,1,1,0,4.5,3.5,0.8,2.3,0
MK2_0037,0,1,0,0,2,3,8.15,0,0,8.8,0,0,0,0,9.8,6.8,7.7,8.2,1
MK2_0038,1,1,0,0,1,1,7.55,0,0,8.5,0,0,0,0,8.3,5.5,6.8,7.4,1
MK2_0039,0,1,0,0,2,3,5.15,0,0,5.3,0,0,0,0,5.3,5.0,5.5,5.3,1
MK2_0040,0,1,0,1,0,1,4.65,0,0,8.4,0,0,0,0,7.0,5.6,4.2,9.4,1
MK2_0041,1,0,1,1,2,1,6.5,0,0,8.4,1,0,1,0,6.0,3.3,4.3,7.4,1
MK2_0042,0,0,0,1,2,1,5.85,0,0,3.3,2,0,2,0,6.0,5.3,3.0,3.4,0
MK2_0043,0,1,0,1,1,1,4.65,0,0,3.6,5,0,5,0,3.7,8.4,7.3,5.5,1
MK2_0044,0,1,0,1,2,1,6.9,0,0,8.8,0,0,0,0,5.9,3.9,5.6,8.0,1
MK2_0045,0,0,0,0,0,3,7.85,0,0,3.6,0,0,0,0,7.0,8.6,9.3,2.6,0
MK2_0046,0,1,0,1,2,2,7.5,1,0,6.0,2,0,1,0,6.0,5.4,6.3,4.5,0
MK2_0047,0,1,0,0,1,1,5.8,0,0,3.1,0,0,0,0,7.0,5.1,6.1,2.3,0
MK2_0048,0,0,0,1,1,1,5.8,1,0,3.6,2,0,1,0,5.6,2.0,6.3,9.4,1
MK2_0049,0,0,0,0,2,1,4.65,0,0,8.5,1,0,1,0,6.0,5.4,1.4,4.5,0
MK2_0050,0,0,0,1,2,3,6.0,0,0,5.4,2,0,2,0,6.0,8.2,9.4,9.4,1
MK2_0051,0,0,0,2,0,2,5.8,1,0,3.4,2,0,1,0,3.6,3.2,5.3,5.4,1
MK2_0052,0,0,0,0,3,3,9.45,0,0,8.9,0,0,0,0,9.0,9.0,5.9,5.9,1
MK2_0053,0,0,0,0,0,2,6.4,0,0,8.9,0,0,0,0,9.0,8.9,1.9,4.9,0
MK2_0054,0,0,0,1,2,3,6.45,0,0,7.0,0,0,0,0,5.7,5.0,8.4,4.6,0
MK2_0055,1,0,0,1,2,2,7.5,0,0,8.4,0,0,0,0,6.0,3.0,5.0,4.5,0
MK2_0056,1,0,0,0,3,4,9.45,0,0,5.9,0,0,0,0,10.0,8.9,7.8,4.9,0
MK2_0057,0,1,0,0,1,2,9.5,0,0,8.0,1,0,1,0,9.0,5.8,2.6,9.7,1
MK2_0058,0,0,0,0,4,3,9.0,0,0,5.9,0,0,0,0,5.8,5.8,9.6,3.8,0
MK2_0059,1,0,0,0,3,3,7.95,0,0,5.9,0,0,0,0,9.0,7.0,6.5,6.7,1
MK2_0060,0,1,0,0,4,3,10.0,0,0,8.9,0,0,0,0,10.0,10.0,9.8,6.9,1
MK2_0061,0,0,0,1,1,1,6.95,0,0,9.0,0,0,0,0,8.6,5.3,5.6,3.7,0
MK2_0062,0,1,0,1,3,1,6.95,0,0,7.0,0,0,0,0,10.0,5.8,9.5,5.7,1
MK2_0063,0,1,0,0,2,2,5.35,0,0,8.4,0,0,0,0,3.8,3.4,6.0,1.6,0
MK2_0064,0,1,0,0,1,1,6.5,0,0,3.5,0,0,0,0,3.7,3.5,5.4,5.5,1
MK2_0065,0,0,0,0,2,2,4.85,0,0,6.0,0,0,0,0,5.6,5.5,5.4,6.5,1
MK2_0066,0,0,0,0,1,1,7.3,0,0,8.5,0,0,0,0,5.6,5.4,5.4,4.5,0
MK2_0067,0,0,0,1,3,2,6.0,0,0,9.0,2,0,2,0,8.6,3.5,5.3,8.5,1
MK2_0068,0,1,0,0,1,1,8.4,0,0,8.9,0,0,0,0,5.8,10.0,7.8,9.0,1
MK2_0069,0,0,0,0,1,1,8.4,0,0,5.8,0,0,0,0,5.8,8.0,2.6,7.7,1
MK2_0070,0,1,0,1,2,3,5.8,0,0,3.0,2,0,2,0,3.6,8.4,1.2,4.0,0
MK2_0071,0,1,0,0,2,4,8.5,0,0,5.0,0,0,0,0,5.6,,5.2,1.5,0
MK2_0072,0,0,0,0,2,3,8.0,0,0,8.7,0,0,0,0,7.0,3.7,2.7,5.7,1
MK2_0073,0,1,0,0,1,1,6.3,0,0,5.5,0,0,0,0,8.6,5.4,6.0,6.0,1
MK2_0074,0,0,0,0,1,1,4.65,0,0,8.5,0,0,0,0,7.0,5.0,6.5,6.0,1
MK2_0075,0,1,0,0,0,1,7.1,0,0,8.7,0,0,0,0,5.7,8.4,7.5,5.6,1
MK2_0076,0,1,0,0,2,1,6.0,1,0,5.0,2,0,1,0,7.0,5.4,2.5,5.5,1
MK2_0077,1,1,0,0,2,2,8.95,3,0,8.0,5,0,2,0,7.0,5.3,2.5,8.6,1
MK2_0078,0,0,0,0,3,3,10.0,0,0,3.9,0,0,0,0,10.0,10.0,5.9,7.9,1
MK2_0079,0,1,0,2,2,3,9.5,0,0,3.8,0,0,0,0,9.0,10.0,5.9,2.9,0
MK2_0080,0,1,0,0,2,4,10.0,0,0,8.9,0,0,0,0,10.0,10.0,8.7,2.9,0
MK2_0081,1,0,0,1,3,1,6.5,0,0,3.7,0,0,0,0,7.0,9.0,7.0,2.7,0
MK2_0082,0,0,0,0,2,1,6.0,0,0,5.5,0,0,0,0,4.0,4.0,8.2,4.4,0
MK2_0083,0,0,0,1,2,4,9.0,0,0,3.6,0,0,0,0,7.0,8.0,8.7,7.7,1
MK2_0084,0,1,0,0,2,2,7.5,0,0,8.7,1,0,1,0,6.0,7.0,7.0,2.7,0
MK2_0085,0,0,0,0,1,1,5.5,0,0,8.5,0,0,0,0,5.0,5.0,4.0,5.0,1
MK2_0086,0,1,0,0,3,3,4.0,0,0,8.5,0,0,0,0,5.0,5.0,7.0,6.5,1
MK2_0087,0,0,0,1,1,3,9.5,0,0,5.8,1,0,1,0,7.0,10.0,5.7,4.8,0
MK2_0088,0,1,0,1,3,3,9.0,0,0,5.7,1,0,1,0,7.0,9.0,8.5,4.7,0
MK2_0089,0,0,0,1,4,4,6.5,0,0,7.0,0,0,0,0,7.0,7.0,7.0,9.6,1
MK2_0090,0,1,0,1,2,1,5.0,0,0,5.2,0,0,0,0,8.0,6.0,5.6,4.5,0
MK2_0091,0,0,0,1,1,1,7.5,0,0,8.8,0,0,0,0,8.0,7.0,5.0,7.0,1
MK2_0092,0,0,0,1,1,1,8.0,0,0,3.5,0,0,0,0,7.0,7.0,3.7,9.6,1
MK2_0093,0,0,0,0,0,1,6.0,0,0,8.4,0,0,0,0,3.0,4.0,7.0,5.5,1
MK2_0094,0,0,0,1,0,1,7.0,0,0,8.5,0,0,0,0,10.0,7.0,5.5,6.6,1
MK2_0095,1,0,0,1,2,1,8.0,0,0,5.7,1,0,1,0,10.0,7.0,8.0,8.0,1
MK2_0096,0,0,0,1,1,1,6.5,0,0,6.0,1,0,1,0,3.0,5.0,3.5,4.5,0
MK2_0097,0,0,0,0,2,3,8.5,0,0,5.7,0,0,0,0,8.0,8.0,3.7,8.7,1
MK2_0098,0,0,0,0,2,2,7.5,0,0,7.0,0,0,0,0,7.0,5.0,8.4,2.6,0
MK2_0099,1,1,0,1,1,1,8.0,0,0,3.8,0,0,0,0,8.0,8.0,3.7,8.7,1
MK2_0100,0,1,0,0,2,2,9.5,0,0,5.9,0,0,0,0,9.0,9.0,8.7,8.8,1
MK2_0101,0,1,0,0,2,1,6.0,0,0,4.0,2,0,2,0,3.0,3.0,3.4,3.4,0
MK2_0102,1,1,0,2,0,4,10.0,0,0,10.0,0,0,0,0,10.0,10.0,3.9,8.9,1
MK2_0103,1,1,0,1,2,4,8.0,0,0,7.0,0,0,0,0,7.0,7.0,8.5,8.6,1
MK2_0104,0,0,0,1,3,1,8.5,0,0,8.0,0,0,0,0,9.0,8.0,8.0,2.8,0
MK2_0105,0,0,0,0,3,3,8.0,0,0,5.7,0,0,0,0,6.0,7.0,8.6,2.7,0
MK2_0106,0,1,0,1,1,1,9.0,0,0,3.6,0,0,0,0,6.0,8.0,8.5,9.6,1
MK2_0107,1,0,0,0,2,1,8.0,0,0,8.7,0,0,0,0,9.0,7.0,5.7,8.7,1
MK2_0108,0,0,0,0,2,3,6.0,0,0,5.7,0,0,0,0,6.0,10.0,3.7,2.7,0
MK2_0109,0,0,0,1,3,2,8.5,0,0,5.8,1,0,1,0,9.0,10.0,5.8,7.8,1
MK2_0110,1,0,0,0,2,1,4.5,0,0,5.2,0,0,0,0,5.0,5.0,8.6,9.4,1
MK2_0111,0,1,0,0,1,1,9.5,0,0,9.0,0,0,0,0,9.0,9.0,5.7,6.8,1
MK2_0112,0,1,0,1,0,1,5.5,0,0,5.4,0,0,0,0,4.0,6.0,3.6,4.5,0
MK2_0113,0,0,0,0,3,2,6.0,1,0,3.7,3,0,2,0,5.0,7.0,8.2,2.5,0
MK2_0114,0,1,0,0,2,1,8.5,0,0,8.5,1,0,1,0,7.0,6.0,8.6,9.6,1
MK2_0115,1,1,0,0,2,3,10.0,0,0,5.7,0,0,0,0,9.0,8.0,8.7,4.8,0
MK2_0116,0,0,0,2,1,1,6.5,0,0,6.0,0,0,0,0,5.0,7.0,5.4,6.5,1
MK2_0117,0,1,0,2,3,3,7.5,1,0,6.0,1,0,0,0,7.0,8.0,6.0,7.6,1
MK2_0118,0,0,0,0,1,1,7.0,0,0,6.0,0,0,0,0,5.0,7.0,2.0,9.4,1
MK2_0119,1,0,0,0,2,1,7.0,0,0,7.0,0,0,0,0,4.0,3.0,3.4,3.5,0
MK2_0120,0,0,0,0,3,3,4.5,1,0,3.0,1,0,0,0,3.0,4.0,5.5,3.4,0
MK2_0121,0,1,0,1,2,3,8.0,0,0,3.8,0,0,0,0,8.0,8.0,7.0,7.7,1
MK2_0122,0,1,0,0,2,1,6.5,1,0,7.0,2,0,1,0,6.0,6.0,8.5,3.6,0
MK2_0123,0,1,0,0,4,1,9.5,0,0,8.0,0,0,0,0,10.0,9.0,3.8,8.8,1
MK2_0124,0,0,0,0,3,1,7.5,0,0,8.5,0,0,0,0,5.0,7.0,8.5,2.6,0
MK2_0125,0,1,0,0,4,1,9.0,0,0,8.7,0,0,0,0,8.0,9.0,8.0,3.8,0
MK2_0126,0,0,0,1,2,1,7.0,0,0,8.6,0,0,0,0,5.0,7.0,8.6,7.6,1
MK2_0127,0,0,0,1,3,1,4.5,0,0,8.4,0,0,0,0,5.0,5.0,8.6,4.5,0
MK2_0128,0,0,0,0,3,1,3.5,6,0,8.0,10,5,4,5,1.0,3.0,3.8,5.4,1
MK2_0129,0,0,0,1,2,1,6.0,0,0,3.5,0,0,0,0,5.0,5.0,5.4,1.5,0
MK2_0130,0,0,0,0,2,1,6.0,0,0,5.4,0,0,0,0,7.0,5.0,8.6,9.5,1
MK2_0131,0,1,0,0,2,1,6.5,0,0,8.4,0,0,0,0,7.0,6.0,5.7,5.6,1
MK2_0132,0,0,0,2,3,1,4.5,0,0,5.5,0,0,0,0,6.0,4.0,7.0,7.5,1
MK2_0133,0,0,0,3,1,1,3.5,0,0,8.3,1,0,1,0,3.0,4.0,7.0,7.4,1
MK2_0134,0,0,0,1,0,1,5.5,0,0,8.6,0,0,0,0,5.0,5.0,5.4,3.5,0
MK2_0135,0,1,0,0,2,1,7.5,1,0,8.6,2,0,1,0,6.0,5.0,5.0,1.6,0
MK2_0136,0,0,0,0,1,1,6.5,0,0,7.0,0,0,0,0,5.0,5.0,5.7,6.6,1
MK2_0137,0,0,0,1,1,3,6.0,0,0,3.7,0,0,0,0,4.0,6.0,6.0,1.6,0
MK2_0138,0,0,0,0,1,1,4.0,2,0,3.3,4,0,2,0,2.0,3.0,4.0,5.3,1
MK2_0139,0,1,0,1,1,3,8.5,0,0,3.8,1,0,1,0,7.0,7.0,5.4,8.6,1
MK2_0140,0,0,0,1,1,1,7.0,0,0,3.6,0,0,0,0,7.0,8.0,3.6,7.6,1
MK2_0141,0,0,0,0,3,4,6.0,0,0,6.0,1,0,1,0,6.0,5.0,5.6,1.6,0
MK2_0142,0,1,0,0,0,2,8.0,0,0,5.7,0,0,0,0,8.0,6.0,5.0,7.6,1
MK2_0143,0,1,0,0,1,1,7.0,1,0,8.6,2,0,1,0,5.0,5.0,3.4,6.5,1
MK2_0144,0,1,0,0,3,4,10.0,0,0,3.8,0,0,0,0,10.0,7.0,3.9,1.9,0
MK2_0145,0,1,0,1,2,2,6.5,0,0,5.7,0,0,0,0,4.0,4.0,5.4,5.5,1
MK2_0146,0,1,0,0,3,1,5.0,0,0,5.6,0,0,0,0,7.0,6.0,3.3,1.5,0
MK2_0147,0,1,0,2,2,1,7.0,0,0,3.8,0,0,0,0,6.0,7.0,8.7,4.7,0
MK2_0148,0,1,0,1,1,1,6.0,0,0,6.0,0,0,0,0,4.0,5.0,3.5,4.5,0
MK2_0149,0,0,0,0,2,1,4.0,0,0,5.0,0,0,0,0,4.0,3.0,5.0,4.4,0
MK2_0150,0,0,0,0,3,3,5.5,0,0,8.5,0,0,0,0,6.0,5.0,8.4,3.5,0
MK2_0151,0,1,0,1,2,3,8.5,0,0,8.7,0,0,0,0,7.0,9.0,8.6,7.7,1
MK2_0152,0,0,0,1,3,1,4.5,0,0,2.0,0,0,0,0,5.0,4.0,4.0,8.3,1
MK2_0153,0,0,0,0,3,1,8.0,0,0,7.0,0,0,0,0,10.0,7.0,5.8,1.8,0
MK2_0154,0,1,0,2,0,3,9.0,3,0,8.0,3,0,0,0,8.0,7.0,5.6,6.7,1
MK2_0155,0,0,0,0,2,3,4.5,0,0,3.6,0,0,0,0,4.0,3.0,8.4,8.4,1
MK2_0156,0,0,0,0,2,1,4.0,0,0,3.0,0,0,0,0,3.0,5.0,4.0,8.3,1
MK2_0157,0,1,0,0,3,1,8.5,0,0,9.0,0,0,0,0,9.0,8.0,6.0,8.7,1
MK2_0158,0,0,0,0,2,3,4.0,0,0,5.3,0,0,0,0,6.0,3.0,5.3,8.3,1
MK2_0159,0,0,0,0,0,0,3.0,0,0,8.3,0,0,0,0,4.0,3.0,3.0,3.3,0
MK2_0160,0,0,0,1,2,4,3.0,1,0,5.2,2,0,1,0,6.0,3.0,3.4,7.3,1
MK2_0161,0,0,1,1,2,3,5.5,1,0,5.6,1,0,0,0,3.0,3.0,3.4,8.4,1
MK2_0162,0,0,0,3,4,4,5.0,0,0,3.6,0,0,0,0,4.0,5.0,7.0,8.5,1
MK2_0163,0,1,0,0,4,1,8.5,0,0,5.7,0,0,0,0,8.0,7.0,5.6,4.7,0
MK2_0164,0,1,0,0,4,1,7.0,0,0,3.7,0,0,0,0,4.0,6.0,5.0,6.0,1
MK2_0165,0,1,0,1,3,4,4.0,1,0,5.1,1,0,0,0,4.0,3.0,3.0,3.0,0
MK2_0166,0,1,0,0,3,3,6.5,0,0,3.6,1,0,1,0,7.0,7.0,3.5,2.6,0
MK2_0167,0,0,0,0,2,1,4.4,0,0,3.5,0,0,0,0,6.0,8.3,5.0,7.4,1
MK2_0168,0,1,0,0,3,1,5.75,0,0,3.3,1,0,1,0,5.7,8.3,5.5,8.4,1
MK2_0169,0,0,0,0,2,2,6.7,1,0,3.5,1,0,0,0,3.5,3.0,8.7,6.0,1
MK2_0170,0,0,0,0,0,2,6.9,0,0,4.0,1,0,1,0,8.7,3.0,8.4,2.5,0
MK2_0171,0,1,0,2,4,4,6.0,1,0,5.6,1,0,0,0,3.8,8.8,8.7,7.7,1
MK2_0172,0,0,0,0,1,2,6.35,0,0,3.0,0,0,0,0,8.6,5.4,8.5,2.5,0
MK2_0173,0,1,0,0,0,2,5.9,0,0,8.6,0,0,0,0,5.7,8.1,8.0,5.6,1
MK2_0174,0,0,0,0,3,2,4.9,1,0,5.2,3,0,2,0,6.0,1.0,8.4,4.0,0
MK2_0175,1,1,0,0,0,3,6.3,0,0,5.6,0,0,0,0,5.7,5.7,5.6,5.6,1
MK2_0176,0,1,0,0,1,2,6.55,0,0,8.6,0,0,0,0,8.6,5.0,8.6,3.6,0
MK2_0177,0,0,0,0,2,4,7.85,0,0,8.0,0,0,0,0,3.8,8.8,8.8,6.8,1
MK2_0178,0,1,0,0,2,2,8.5,1,0,9.0,1,0,0,0,8.8,9.0,5.8,7.8,1
MK2_0179,0,0,0,2,3,4,8.0,0,0,3.6,0,0,0,0,8.0,8.8,5.6,2.7,0
MK2_0180,0,0,0,2,2,1,5.5,0,0,3.6,0,0,0,0,5.5,5.0,3.7,2.6,0
MK2_0181,0,0,0,0,1,3,4.0,0,0,5.6,1,0,1,0,8.8,8.6,5.0,7.5,1
MK2_0182,0,0,0,1,2,3,9.5,0,0,9.0,0,0,0,0,9.0,3.9,3.9,2.9,0
MK2_0183,0,0,0,0,2,1,6.3,0,0,3.6,0,0,0,0,8.6,7.0,6.0,4.6,0
MK2_0184,1,0,0,0,2,1,3.8,3,0,5.4,4,0,1,0,3.6,4.0,8.0,6.5,1
MK2_0185,0,1,0,0,2,1,6.85,2,0,8.5,3,0,1,0,5.6,5.0,5.6,7.5,1
MK2_0186,0,1,0,0,4,4,4.85,0,0,3.9,0,0,0,0,8.0,5.9,5.8,8.8,1
MK2_0187,0,1,0,0,2,1,7.4,0,0,5.3,2,0,2,0,8.0,5.5,6.0,9.5,1
MK2_0188,0,0,0,0,2,0,4.0,4,0,3.5,4,0,0,0,5.0,8.2,8.6,2.5,0
MK2_0189,0,0,0,0,2,1,5.7,2,0,3.4,2,0,0,0,6.0,8.2,3.5,6.4,1
MK2_0190,0,1,0,1,2,1,5.75,0,0,4.0,1,0,1,0,5.3,3.5,5.4,4.0,0
MK2_0191,0,1,0,0,2,1,3.55,0,0,6.0,0,0,0,0,5.7,4.0,7.0,2.6,0
MK2_0192,0,0,0,0,2,1,3.7,0,0,3.4,0,0,0,0,8.0,4.0,8.3,7.4,1
MK2_0193,0,0,0,0,2,1,6.55,2,0,3.4,3,0,1,0,8.6,5.0,3.2,8.3,1
MK2_0194,0,0,0,1,2,1,5.5,1,0,5.6,1,0,0,0,5.6,5.0,3.5,7.5,1
MK2_0195,0,1,0,1,2,4,3.8,0,0,8.2,0,0,0,0,3.6,3.4,8.5,7.4,1
MK2_0196,0,0,0,0,2,2,7.15,0,0,6.0,0,0,0,0,3.6,5.3,8.4,6.5,1
MK2_0197,0,1,0,1,1,1,2.9,3,0,3.3,3,0,0,0,5.7,8.1,3.0,7.3,1
MK2_0198,0,1,0,0,0,4,9.4,0,0,3.9,0,0,0,0,5.8,8.9,1.9,2.9,0
MK2_0199,0,1,0,1,1,2,5.9,0,0,3.6,0,0,0,0,5.7,5.5,8.0,3.7,0
MK2_0200,0,0,0,0,2,1,6.25,0,0,3.7,0,0,0,0,8.8,8.8,3.8,1.8,0
MK2_0201,0,0,0,2,2,1,6.05,0,0,5.6,1,0,1,0,3.7,8.8,3.8,3.7,0
MK2_0202,0,1,0,1,2,2,5.15,0,0,5.4,0,0,0,0,8.0,8.2,8.6,6.0,1
MK2_0203,0,1,0,1,1,2,6.2,1,0,3.2,3,0,2,0,8.5,8.3,3.4,4.0,0
MK2_0204,0,1,0,0,1,3,8.75,0,0,5.4,2,0,2,0,5.5,8.3,5.5,4.5,0
MK2_0205,0,1,0,0,2,1,4.85,0,0,8.7,0,0,0,0,5.6,7.0,5.6,9.6,1
MK2_0206,0,1,0,0,2,1,3.5,1,0,3.4,1,0,0,0,5.7,5.0,5.5,4.5,0
MK2_0207,0,0,0,0,2,4,6.0,0,0,5.5,0,0,0,0,6.0,8.6,8.5,9.5,1
MK2_0208,1,0,0,0,2,1,7.45,0,0,8.2,0,0,0,0,3.6,5.2,8.3,4.0,0
MK2_0209,0,0,0,0,2,1,5.7,0,0,8.5,0,0,0,0,5.7,3.4,5.5,1.6,0
MK2_0210,1,1,0,1,1,1,8.55,0,0,5.5,1,0,1,0,8.0,5.5,8.6,4.6,0
MK2_0211,0,1,0,1,1,3,5.0,1,0,5.4,1,0,0,0,5.7,6.0,8.6,6.0,1
MK2_0212,0,0,0,0,2,2,6.0,1,0,5.4,1,0,0,0,5.5,3.6,3.6,6.5,1
MK2_0213,0,0,0,0,1,3,6.75,1,0,8.3,1,0,0,0,5.5,3.4,5.4,1.5,0
MK2_0214,0,0,0,0,4,4,6.0,0,1,4.0,1,1,1,0,5.5,7.0,5.8,3.6,0
MK2_0215,0,0,0,0,2,2,4.7,0,1,3.3,0,2,0,1,4.0,4.0,3.0,7.3,1
MK2_0216,0,0,0,0,2,0,4.75,1,0,3.2,1,1,0,1,5.4,3.4,5.6,5.4,1
MK2_0217,0,1,0,1,2,1,5.8,0,0,5.2,1,0,1,0,6.0,6.0,3.7,5.5,1
MK2_0218,0,0,0,0,3,1,4.65,0,0,5.2,1,0,1,0,3.0,5.3,5.4,1.3,0
MK2_0219,0,1,0,1,2,2,10.0,0,0,3.9,0,0,0,0,10.0,5.9,3.8,2.9,0
MK2_0220,0,0,0,0,0,1,6.0,1,0,5.6,2,0,1,0,5.5,5.0,5.3,2.5,0
MK2_0221,0,0,0,0,3,3,5.7,0,1,2.0,0,1,0,0,5.4,3.3,5.4,7.3,1
MK2_0222,0,0,0,0,2,1,6.35,0,0,5.5,0,0,0,0,8.0,5.7,8.5,4.6,0
MK2_0223,0,0,0,0,3,4,5.8,1,0,5.2,2,0,1,0,5.6,8.4,5.6,9.4,1
MK2_0224,0,0,0,0,2,1,5.5,1,0,3.3,2,0,1,0,6.0,3.4,3.0,1.4,0
MK2_0225,0,0,0,0,4,1,7.0,1,1,8.6,2,1,1,0,7.0,7.0,8.5,6.6,1
MK2_0226,0,0,0,0,4,4,8.0,0,0,3.5,0,0,0,0,5.9,8.8,7.0,4.7,0
MK2_0227,0,0,0,1,2,2,6.0,0,0,5.5,0,0,0,0,6.0,6.0,7.0,1.6,0
MK2_0228,0,0,0,0,2,2,5.5,0,0,8.3,1,0,1,0,5.5,8.5,3.6,1.5,0
MK2_0229,0,1,0,0,1,1,8.0,0,0,8.5,0,0,0,0,7.0,3.8,5.8,6.7,1
MK2_0230,0,0,0,0,1,3,5.5,0,0,5.3,0,1,0,1,5.5,5.0,5.5,9.4,1
MK2_0231,0,1,0,0,1,1,9.0,0,0,7.0,1,0,1,0,5.9,5.9,3.8,5.8,1
MK2_0232,0,0,0,1,1,1,5.5,0,0,8.5,1,0,1,0,5.5,4.0,8.0,8.5,1
MK2_0233,0,1,0,0,1,3,7.5,0,0,8.5,0,0,0,0,8.0,5.7,5.0,4.6,0
MK2_0234,0,1,0,1,2,1,6.0,1,1,4.0,1,1,0,0,5.6,5.6,8.4,4.5,0
MK2_0235,0,0,0,0,0,2,5.0,0,0,2.0,1,1,1,1,5.0,5.0,2.0,3.3,0
MK2_0236,0,1,0,1,2,2,6.5,1,0,8.5,2,0,1,0,5.6,8.5,3.3,1.5,0
MK2_0237,0,1,0,0,2,4,5.5,0,0,8.4,1,0,1,0,6.0,5.0,4.0,8.4,1
MK2_0238,0,1,0,0,2,1,5.5,1,0,3.4,2,0,1,0,5.5,8.5,8.5,3.5,0
MK2_0239,0,1,0,0,2,1,7.0,0,0,3.6,0,1,0,1,8.0,5.7,5.5,6.6,1
MK2_0240,0,1,0,0,2,2,7.0,0,0,5.6,0,0,0,0,5.8,5.8,7.0,4.7,0
MK2_0241,0,0,0,0,3,0,5.5,1,1,3.2,2,2,1,1,5.4,4.0,6.0,7.4,1
MK2_0242,0,0,0,0,2,0,4.5,0,1,2.0,0,1,0,0,4.0,5.3,8.3,2.3,0
MK2_0243,0,0,0,0,2,1,5.0,1,1,8.2,2,1,1,0,5.0,5.4,3.3,4.0,0
MK2_0244,0,0,0,0,0,2,5.5,0,1,3.2,0,2,0,1,5.4,4.0,3.5,4.4,0
MK2_0245,0,0,0,0,3,1,8.0,1,0,5.4,2,0,1,0,8.0,5.8,5.6,8.6,1
MK2_0246,0,0,0,0,3,3,6.0,1,0,8.2,2,0,1,0,5.6,5.5,5.0,8.4,1
MK2_0247,0,0,0,0,2,2,3.5,1,0,8.1,1,1,0,1,5.3,8.2,3.0,8.2,1
MK2_0248,0,1,0,1,1,1,5.5,0,0,4.0,1,0,1,0,5.5,5.5,3.7,6.5,1
MK2_0249,0,1,0,0,2,2,6.0,1,0,8.2,2,1,1,1,5.6,3.6,3.5,9.4,1
MK2_0250,0,1,0,0,2,1,6.0,1,0,3.5,2,0,1,0,5.6,5.6,5.6,6.0,1
MK2_0251,0,1,0,0,2,1,5.8,0,0,5.5,1,0,1,0,5.6,6.0,3.6,9.5,1
MK2_0252,0,1,0,0,4,4,8.0,1,0,3.6,2,0,1,0,8.0,8.0,5.6,2.7,0
MK2_0253,0,0,0,0,2,2,5.5,0,1,3.4,0,2,0,1,5.5,5.0,5.0,9.4,1
MK2_0254,0,1,0,0,4,1,9.0,0,0,8.7,0,0,0,0,5.9,5.9,8.0,4.8,0
MK2_0255,0,1,0,0,2,1,7.0,1,0,6.0,1,0,0,0,5.7,7.0,5.7,8.6,1
MK2_0256,0,1,0,1,1,1,7.0,0,0,3.5,1,0,1,0,5.6,7.0,3.5,1.6,0
MK2_0257,0,1,0,1,2,1,5.5,1,0,2.0,1,0,0,0,5.5,5.5,5.4,3.4,0
MK2_0258,0,1,0,1,2,2,5.4,0,0,3.6,0,0,0,0,5.0,5.5,5.2,1.5,0
MK2_0259,0,1,0,0,4,2,6.25,2,0,3.8,4,0,2,0,5.7,8.7,5.0,6.6,1
MK2_0260,0,0,0,0,2,4,4.75,1,0,3.7,1,0,0,0,5.8,6.0,8.4,6.6,1
MK2_0261,0,1,0,0,2,4,7.05,0,0,8.5,0,0,0,0,8.6,5.2,3.5,5.5,1
MK2_0262,0,0,0,0,1,1,6.9,0,0,3.7,0,0,0,0,8.0,8.0,3.6,3.7,0
MK2_0263,0,0,0,2,2,2,6.9,1,0,3.2,6,0,5,0,7.0,5.2,8.1,2.3,0
MK2_0264,0,0,0,0,3,1,4.25,0,0,2.0,0,0,0,0,2.0,0.0,3.2,1.2,0
MK2_0265,0,0,0,0,2,2,6.6,0,0,5.0,0,0,0,0,1.0,0.0,4.0,4.3,0
MK2_0266,0,0,0,1,2,1,5.2,0,0,8.7,0,0,0,0,8.3,5.0,8.4,6.5,1
MK2_0267,0,0,0,0,4,1,7.7,1,0,3.4,1,0,0,0,8.2,5.1,3.4,2.4,0
MK2_0268,1,0,0,0,2,1,6.0,0,0,3.3,0,0,0,0,3.0,5.3,8.4,4.4,0
MK2_0269,1,0,0,2,2,1,8.5,0,0,9.0,0,0,0,0,10.0,10.0,3.5,9.7,1
MK2_0270,0,0,0,0,2,2,4.6,0,0,8.5,0,0,0,0,3.0,5.3,3.4,9.4,1
MK2_0271,1,0,0,0,2,4,5.75,0,0,8.7,0,0,0,0,2.0,4.0,8.3,9.4,1
MK2_0272,0,1,0,0,4,4,8.35,0,0,3.9,0,0,0,0,8.9,8.9,3.8,8.8,1
MK2_0273,0,1,0,1,2,1,4.6,0,0,3.9,1,0,1,0,3.4,8.3,5.6,6.6,1
MK2_0274,0,0,0,0,3,3,6.2,0,0,9.0,0,0,0,0,10.0,3.9,8.7,4.8,0
MK2_0275,0,0,0,0,1,3,7.1,0,0,3.7,0,0,0,0,5.5,5.6,7.0,8.6,1
MK2_0276,0,0,0,0,3,1,6.8,0,0,8.6,0,0,0,0,5.6,5.5,3.4,6.5,1
MK2_0277,1,1,0,1,1,1,7.75,1,0,8.7,1,0,0,0,5.0,7.0,3.5,3.6,0
MK2_0278,0,1,0,0,1,1,7.45,0,0,5.7,1,0,1,0,10.0,8.0,6.0,7.7,1
MK2_0279,0,1,0,0,4,3,5.9,0,0,3.8,0,0,0,0,9.0,10.0,5.8,9.8,1
MK2_0280,0,1,0,1,1,1,5.35,1,0,3.7,1,0,0,0,4.0,5.3,5.4,3.5,0
MK2_0281,0,0,0,0,2,1,7.45,0,0,8.8,0,0,0,0,10.0,3.5,8.6,8.0,1
MK2_0282,0,1,0,1,3,1,3.5,0,0,4.0,0,0,0,0,2.0,5.1,3.0,5.3,1
MK2_0283,0,1,0,0,3,1,4.7,0,0,3.8,0,0,0,0,5.0,3.8,3.4,4.6,0
MK2_0284,0,1,0,0,2,2,6.3,0,0,8.0,1,0,1,0,5.0,8.5,8.5,4.6,0
MK2_0285,0,0,0,0,0,3,6.0,7,0,3.6,16,0,9,0,4.0,5.3,5.0,2.5,0
MK2_0286,1,1,0,1,1,1,6.35,0,0,5.0,0,0,0,0,8.5,3.2,8.5,3.5,0
MK2_0287,0,1,0,0,2,1,4.5,0,0,8.4,0,0,0,0,3.4,3.6,3.3,5.4,1
MK2_0288,0,1,0,0,2,3,3.7,1,0,9.0,2,0,1,0,3.9,5.6,8.8,3.8,0
MK2_0289,0,0,0,2,3,3,7.1,1,0,8.5,1,1,0,1,4.0,3.3,6.0,6.5,1
MK2_0290,0,0,0,0,2,2,5.8,0,0,3.8,0,0,0,0,6.0,8.0,4.0,3.6,0
MK2_0291,0,0,0,0,1,2,5.7,0,0,6.0,0,0,0,0,5.4,3.6,8.7,5.6,1
MK2_0292,0,1,0,0,1,2,5.0,0,0,8.0,3,0,3,0,5.5,7.0,3.4,7.5,1
MK2_0293,1,1,0,0,1,2,5.35,0,0,3.6,1,0,1,0,3.3,8.2,3.3,6.4,1
MK2_0294,0,0,0,0,2,3,6.3,3,0,3.6,4,0,1,0,8.2,8.5,5.0,2.5,0
MK2_0295,0,0,0,0,3,3,5.2,0,0,8.5,0,0,0,0,2.0,0.0,5.0,2.4,0
MK2_0296,1,0,0,1,2,3,5.95,0,0,7.0,0,0,0,0,3.7,3.8,3.5,7.0,1
MK2_0297,0,0,0,1,2,1,4.7,0,0,3.6,0,0,0,0,8.5,3.4,3.5,9.5,1
MK2_0298,0,1,0,1,2,1,5.7,0,0,8.6,0,0,0,0,5.5,5.0,5.4,8.5,1
MK2_0299,0,0,0,0,1,1,7.95,0,0,3.9,0,0,0,0,10.0,5.8,3.8,1.9,0
MK2_0300,0,0,0,0,2,1,7.3,2,0,8.6,3,0,1,0,5.5,5.6,5.3,9.5,1
MK2_0301,0,1,0,0,2,1,3.6,0,0,5.7,0,0,0,0,8.4,5.6,8.2,3.5,0
MK2_0302,0,1,0,0,2,1,5.6,1,0,5.7,3,0,2,0,8.3,4.0,3.4,4.5,0
MK2_0303,0,1,0,0,1,2,5.6,0,0,5.7,0,0,0,0,8.3,4.0,3.4,4.5,0
MK2_0304,0,1,0,1,1,1,8.5,0,0,6.5,0,0,0,0,10.0,9.0,7.0,7.8,1
MK2_0305,0,1,0,0,1,0,6.5,0,0,3.0,0,0,0,0,8.0,8.0,4.3,5.3,1
MK2_0306,0,1,1,0,1,1,8.5,0,0,8.0,0,0,0,0,9.0,10.0,5.0,7.4,1
MK2_0307,0,0,0,0,1,0,7.0,0,0,3.3,0,0,0,0,5.0,8.0,3.0,4.7,0
MK2_0308,0,1,0,0,1,0,6.0,0,0,2.5,0,0,0,0,8.0,9.0,6.5,5.9,1
MK2_0309,0,1,0,0,1,1,6.5,0,0,4.3,0,0,0,0,7.0,8.0,6.0,6.1,1
MK2_0310,0,0,0,0,2,2,8.5,0,0,5.0,0,0,0,0,10.0,7.0,4.8,6.5,1
MK2_0311,0,0,0,0,1,1,5.0,0,0,3.0,0,0,0,0,6.0,7.0,6.5,5.4,1
MK2_0312,0,0,0,0,1,0,7.0,0,0,8.3,0,0,0,0,10.0,8.0,4.3,6.8,1
MK2_0313,0,0,0,0,1,0,6.0,0,0,3.8,0,0,0,0,9.0,10.0,3.8,5.6,1
MK2_0314,0,0,0,1,1,1,10.0,0,0,6.5,0,0,0,0,8.0,10.0,5.5,7.5,1
MK2_0315,1,0,0,0,1,0,1.0,0,0,3.8,0,0,0,0,6.0,1.0,2.3,2.6,0
MK2_0316,0,0,0,1,2,1,9.0,0,0,5.8,0,0,0,0,10.0,9.0,8.3,8.2,1
MK2_0317,0,1,0,0,2,1,4.0,0,0,5.5,0,0,0,0,7.0,8.0,5.0,5.4,1
MK2_0318,0,0,0,0,1,0,7.0,0,0,7.8,0,0,0,0,8.0,10.0,5.0,7.0,1
MK2_0319,0,1,0,0,1,0,7.5,0,0,7.5,0,0,0,0,9.0,10.0,3.0,6.4,1
MK2_0320,0,0,0,0,1,0,7.5,0,0,5.0,0,0,0,0,8.0,9.0,5.0,6.3,1
MK2_0321,0,1,0,0,1,1,5.5,0,0,5.0,0,0,0,0,4.0,8.0,3.0,4.7,0
MK2_0322,0,0,0,0,2,3,8.5,0,0,3.0,0,0,0,0,8.0,6.0,3.8,5.4,1
MK2_0323,0,0,0,0,1,0,7.5,0,0,7.0,0,0,0,0,8.0,10.0,5.0,6.9,1
MK2_0324,0,1,0,1,1,1,9.0,0,0,5.3,0,0,0,0,7.0,10.0,5.3,6.8,1
MK2_0325,0,1,0,2,2,2,4.5,0,0,3.0,0,0,0,0,6.0,5.0,6.3,5.0,1
MK2_0326,0,0,0,0,1,1,6.5,0,0,3.8,0,0,0,0,8.0,9.0,4.3,5.6,1
MK2_0327,1,1,0,3,4,3,8.5,0,0,6.5,0,0,0,0,7.0,10.0,5.3,7.0,1
MK2_0328,0,1,0,1,1,2,7.0,0,0,5.5,0,0,0,0,5.0,10.0,5.0,6.1,1
MK2_0329,0,1,0,0,1,3,8.5,0,0,6.3,0,0,0,0,9.0,10.0,6.3,7.5,1
MK2_0330,0,0,0,0,1,0,6.0,0,0,5.3,0,0,0,0,9.0,10.0,6.3,6.7,1
MK2_0331,0,0,0,0,2,4,5.5,0,0,5.0,0,0,0,0,7.0,5.0,7.3,6.1,1
MK2_0332,0,1,0,0,1,1,8.5,0,0,5.3,0,0,0,0,9.0,10.0,6.8,7.4,1
MK2_0333,0,0,0,0,1,3,5.0,0,0,6.0,0,0,0,0,7.0,8.0,2.8,5.0,1
MK2_0334,0,1,0,0,2,2,10.0,1,0,7.8,1,0,0,0,10.0,10.0,8.0,8.8,1
MK2_0335,0,1,0,0,2,2,9.5,0,0,8.3,0,0,0,0,10.0,9.0,8.8,9.0,1
MK2_0336,0,1,0,0,3,0,8.0,0,0,5.8,0,0,0,0,5.0,8.0,3.8,5.8,1
MK2_0337,0,0,0,0,0,0,5.0,0,0,3.5,0,0,0,0,1.0,4.0,4.0,3.8,0
MK2_0338,0,0,0,0,0,0,7.0,0,0,3.8,0,0,0,0,8.0,6.0,5.8,5.9,1
MK2_0339,1,0,0,0,3,1,8.5,0,0,7.3,0,0,0,0,10.0,9.0,5.0,7.3,1
MK2_0340,0,1,0,0,0,1,5.5,0,0,5.5,0,0,0,0,5.0,7.0,3.8,5.0,1
MK2_0341,0,0,0,0,2,3,6.5,0,0,5.0,0,0,0,0,10.0,6.0,4.0,5.7,1
MK2_0342,0,1,0,3,0,3,7.0,0,0,4.0,0,0,0,0,4.0,7.0,3.8,4.9,0
MK2_0343,0,1,0,1,2,2,7.5,0,0,6.0,0,0,0,0,10.0,8.0,3.8,6.3,1
MK2_0344,0,1,0,1,2,1,7.0,0,0,6.0,0,0,0,0,10.0,6.0,7.3,7.1,1
MK2_0345,0,0,0,0,2,2,7.0,0,0,5.0,0,0,0,0,7.0,5.0,4.5,5.5,1
MK2_0346,0,1,0,0,1,1,9.5,0,0,6.5,0,0,0,0,10.0,10.0,5.5,7.6,1
MK2_0347,0,1,0,0,0,0,8.5,0,0,6.0,0,0,0,0,10.0,9.0,3.5,6.5,1
MK2_0348,0,1,0,0,0,0,8.0,0,0,5.0,0,0,0,0,10.0,7.0,5.0,6.4,1
MK2_0349,0,1,0,3,1,1,8.0,1,0,6.0,2,0,1,0,10.0,7.0,4.3,6.4,1
MK2_0350,1,1,0,1,3,1,8.0,2,0,9.0,2,0,0,0,8.0,9.0,6.5,7.8,1
MK2_0351,0,1,0,2,1,1,8.5,0,0,7.8,0,0,0,0,10.0,7.0,5.8,7.4,1
MK2_0352,0,1,0,1,1,2,10.0,0,0,9.0,0,0,0,0,10.0,10.0,8.5,9.3,1
MK2_0353,0,0,0,0,1,1,4.5,0,0,3.5,0,0,0,0,10.0,5.0,3.0,4.4,0
MK2_0354,0,0,0,0,2,0,8.5,0,0,4.8,0,0,0,0,8.0,8.0,5.5,6.6,1
MK2_0355,0,0,0,0,1,1,8.0,0,0,7.3,0,0,0,0,8.0,7.0,2.3,5.8,1
MK2_0356,0,0,0,0,1,1,6.5,0,0,3.3,0,0,0,0,5.0,4.0,3.3,4.3,0
MK2_0357,0,1,0,1,0,1,8.5,0,0,7.5,1,0,1,0,8.0,7.0,6.0,7.2,1
MK2_0358,0,1,0,0,2,2,9.0,1,0,8.8,2,0,1,0,8.0,9.0,3.8,7.1,1
MK2_0359,0,0,0,0,3,3,6.0,0,0,8.0,2,0,2,0,4.0,3.0,3.8,5.2,1
MK2_0360,0,0,0,2,2,2,5.5,0,0,3.3,0,0,0,0,6.0,8.0,4.0,4.8,0
MK2_0361,0,0,0,0,4,4,10.0,0,0,10.0,0,0,0,0,10.0,10.0,9.8,9.9,1
MK2_0362,0,0,0,0,2,2,9.5,2,0,9.5,4,0,2,0,8.0,8.0,6.3,8.1,1
MK2_0363,0,0,0,0,3,3,9.0,0,0,4.8,0,0,0,0,5.0,7.0,5.3,6.2,1
MK2_0364,0,0,0,0,2,2,8.0,0,0,6.8,1,0,1,0,8.0,7.0,5.8,6.9,1
MK2_0365,0,0,0,0,2,2,8.0,0,0,7.5,0,0,0,0,8.0,10.0,7.8,8.0,1
MK2_0366,0,0,0,1,2,2,6.5,0,0,6.8,0,0,0,0,4.0,7.0,6.3,6.3,1
MK2_0367,0,0,0,0,3,3,9.0,0,0,6.5,0,0,0,0,6.0,8.0,4.8,6.6,1
MK2_0368,0,0,0,0,2,1,7.5,0,0,3.0,0,0,0,0,10.0,5.0,5.8,5.9,1
MK2_0369,1,1,0,0,2,0,6.5,0,0,3.3,0,0,0,0,6.0,8.0,6.0,5.7,1
MK2_0370,0,1,0,0,2,1,8.5,0,0,8.0,1,0,1,0,10.0,8.0,7.3,8.1,1
MK2_0371,0,1,0,0,2,1,9.0,0,0,8.3,0,0,0,0,10.0,10.0,9.0,9.1,1
MK2_0372,0,0,0,0,2,2,8.0,1,0,7.8,1,0,0,0,5.0,7.0,3.3,5.9,1
MK2_0373,0,1,0,0,3,4,8.0,2,0,5.3,3,0,1,0,8.0,5.0,7.5,6.9,1
MK2_0374,0,0,0,0,2,1,9.0,0,0,6.5,2,0,2,0,5.0,7.0,6.8,7.0,1
MK2_0375,0,1,0,0,2,2,8.0,0,0,5.5,2,0,2,0,7.0,10.0,5.0,6.6,1
MK2_0376,0,1,0,0,3,1,9.5,0,0,7.3,0,0,0,0,7.0,8.0,5.0,7.1,1
MK2_0377,1,1,0,2,1,3,9.5,0,0,4.5,1,0,1,0,8.0,7.0,5.8,6.7,1
MK2_0378,0,0,0,1,2,1,6.5,0,0,3.8,0,0,0,0,5.0,10.0,3.8,5.2,1
MK2_0379,0,0,0,1,2,1,9.0,0,0,6.8,1,0,1,0,7.0,7.0,5.5,6.9,1
MK2_0380,0,0,0,0,2,2,8.0,0,0,7.8,0,0,0,0,4.0,2.0,2.5,5.0,1
MK2_0381,0,1,0,1,2,2,10.0,0,0,8.5,0,0,0,0,9.0,10.0,8.0,8.9,1
MK2_0382,0,0,0,1,2,2,6.5,0,0,6.0,0,0,0,0,4.0,8.0,2.8,5.0,1
MK2_0383,0,1,0,0,4,2,9.0,2,0,6.8,5,0,3,0,3.0,8.0,5.0,6.4,1
MK2_0384,0,1,0,0,2,1,9.0,0,0,8.0,0,0,0,0,10.0,9.0,8.3,8.7,1
MK2_0385,0,1,0,0,2,1,5.5,0,0,5.5,0,0,0,0,5.0,9.0,3.0,5.0,1
MK2_0386,0,1,0,0,3,4,9.5,0,0,7.8,1,0,1,0,10.0,7.0,4.0,7.1,1
MK2_0387,0,0,0,0,2,1,6.5,0,0,6.8,0,0,0,0,9.0,5.0,3.5,5.7,1
MK2_0388,0,0,0,1,1,1,9.0,0,0,7.5,0,0,0,0,7.0,6.0,4.5,6.6,1
MK2_0389,0,1,0,0,2,1,7.5,0,0,7.8,1,0,1,0,10.0,8.0,5.3,7.2,1
MK2_0390,0,1,0,0,2,2,8.0,0,0,7.8,0,0,0,0,6.0,7.0,4.3,6.4,1
MK2_0391,0,1,0,1,2,1,10.0,0,0,3.8,0,0,0,0,6.0,9.0,5.0,6.4,1
MK2_0392,0,1,0,0,2,1,9.5,0,0,5.5,1,0,1,0,10.0,7.0,3.3,6.3,1
MK2_0393,0,1,0,0,1,1,8.5,0,0,8.5,0,0,0,0,6.0,5.0,6.0,7.0,1
MK2_0394,0,1,0,0,0,1,9.5,0,0,8.5,1,0,1,0,5.0,7.0,5.3,7.1,1
MK2_0395,0,1,0,0,3,3,9.5,0,0,8.5,0,0,0,0,8.0,6.5,9.0,8.6,1
MK2_0396,0,1,0,0,2,2,8.5,0,0,8.5,2,0,2,0,7.0,5.0,6.5,7.3,1
MK2_0397,0,1,0,0,0,1,6.5,0,0,7.5,0,0,0,0,7.5,3.5,8.5,7.2,1
MK2_0398,0,0,0,1,0,2,5.0,0,0,3.0,0,0,0,0,5.0,2.0,4.5,4.1,0
MK2_0399,0,1,0,0,2,2,5.5,0,0,3.0,0,0,0,0,4.0,3.5,2.8,3.7,0
MK2_0400,0,0,0,0,1,3,9.0,0,0,8.8,0,0,0,0,8.5,7.5,8.5,8.6,1
MK2_0401,0,0,0,0,1,2,4.5,0,0,8.0,0,0,0,0,5.0,2.0,5.3,5.3,1
MK2_0402,0,0,0,1,3,1,4.5,0,0,3.8,0,0,0,0,3.5,6.0,5.8,4.8,0
MK2_0403,0,0,0,1,2,1,8.0,0,0,7.8,0,0,0,0,6.0,4.5,7.3,7.1,1
MK2_0404,0,0,0,1,2,2,6.0,1,0,5.3,2,0,1,0,5.0,3.0,5.0,5.1,1
MK2_0405,0,0,0,0,2,4,8.0,0,0,9.0,0,0,0,0,10.0,7.0,9.8,8.9,1
MK2_0406,0,0,0,0,3,2,8.0,0,0,7.5,0,0,0,0,7.0,7.5,9.3,8.2,1
MK2_0407,0,0,0,2,2,3,7.0,0,0,4.5,0,0,0,0,4.0,4.0,6.3,5.5,1
MK2_0408,0,0,0,1,1,1,6.0,0,0,4.5,0,0,0,0,5.0,4.5,6.5,5.6,1
MK2_0409,0,1,0,0,2,2,7.5,0,0,5.3,0,0,0,0,6.5,5.0,8.0,6.8,1
MK2_0410,0,0,0,0,2,2,4.0,0,0,3.0,0,0,0,0,5.0,3.0,4.0,3.8,0
MK2_0411,0,1,0,0,4,4,8.0,0,0,7.0,0,0,0,0,5.5,7.5,7.0,7.1,1
MK2_0412,0,1,0,0,0,4,10.0,0,0,8.5,0,0,0,0,10.0,10.0,10.0,9.7,1
MK2_0413,0,0,0,0,1,1,7.0,0,0,6.8,0,0,0,0,4.0,5.5,6.0,6.1,1
MK2_0414,0,1,0,0,3,1,6.5,0,0,7.5,0,0,0,0,5.0,6.0,7.0,6.7,1
MK2_0415,0,0,0,1,2,3,7.0,0,0,5.0,0,0,0,0,5.5,6.0,7.0,6.3,1
MK2_0416,0,0,0,0,2,1,8.5,0,0,8.5,0,0,0,0,7.0,8.0,8.8,8.4,1
MK2_0417,0,1,0,0,1,2,6.0,0,0,5.3,0,0,0,0,3.0,5.5,6.0,5.5,1
MK2_0418,0,1,0,1,1,1,9.0,0,0,9.0,0,0,0,0,10.0,7.0,8.8,8.8,1
MK2_0419,0,0,0,1,2,2,4.5,0,0,3.5,0,0,0,0,5.0,3.5,5.0,4.4,0
MK2_0420,0,0,0,0,2,2,3.0,0,0,3.3,3,0,3,0,5.5,2.5,3.0,3.3,0
MK2_0421,0,0,0,0,4,1,4.0,0,0,2.8,0,0,0,0,3.5,6.0,3.5,3.7,0
MK2_0422,0,1,0,0,2,1,6.0,0,0,5.5,0,0,0,0,6.5,5.0,6.5,6.0,1
MK2_0423,0,0,0,0,2,4,9.0,0,0,8.3,0,0,0,0,10.0,8.0,9.3,8.9,1
MK2_0424,0,0,0,0,2,1,4.5,0,0,3.0,0,0,0,0,5.5,4.0,5.0,4.4,0
MK2_0425,0,1,0,0,1,1,8.5,0,0,8.0,0,0,0,0,9.0,7.0,8.8,8.4,1
MK2_0426,0,1,0,0,2,1,2.5,0,0,3.0,0,0,0,0,4.0,3.5,2.5,2.9,0
MK2_0427,0,1,0,0,3,3,6.5,0,0,5.0,0,0,0,0,6.5,5.0,8.0,6.5,1
MK2_0428,0,1,0,1,1,1,6.0,2,0,6.5,3,0,1,0,5.5,4.5,7.8,6.5,1
MK2_0429,0,1,0,0,0,3,4.0,0,0,3.3,0,0,0,0,5.5,5.0,5.8,4.7,0
MK2_0430,0,0,0,0,2,1,4.5,0,0,3.0,0,0,0,0,5.5,5.0,4.3,4.3,0
MK2_0431,0,1,0,0,0,3,9.0,0,0,8.8,0,0,0,0,10.0,6.0,8.3,8.5,1
MK2_0432,0,1,0,0,2,1,6.0,0,0,7.5,0,0,0,0,6.0,6.0,8.0,7.0,1
MK2_0433,0,1,0,0,3,3,5.0,1,0,4.0,1,0,0,0,4.0,2.5,4.0,4.1,0
MK2_0434,0,1,0,0,3,3,6.0,0,0,8.5,0,0,0,0,8.0,7.5,7.3,7.4,1
MK2_0435,0,1,0,0,2,2,4.5,0,0,7.8,0,2,0,2,5.0,6.0,5.8,5.9,1
MK2_0436,0,0,0,0,1,3,5.0,0,0,5.0,0,0,0,0,5.5,3.0,5.0,4.8,0
MK2_0437,0,0,0,0,3,4,6.5,0,0,4.0,0,0,0,0,4.0,4.0,6.0,5.2,1
MK2_0438,0,0,0,1,0,2,5.5,0,0,3.8,0,0,0,0,4.0,5.0,3.0,4.1,0
MK2_0439,0,1,0,1,2,3,6.5,0,0,6.8,0,0,0,0,5.5,3.5,5.8,5.9,1
MK2_0440,0,1,0,0,3,1,6.0,0,0,6.5,0,0,0,0,5.5,3.0,6.5,5.9,1
MK2_0441,0,0,0,1,1,3,5.5,0,0,6.5,0,0,0,0,4.0,6.5,7.0,6.2,1
MK2_0442,0,0,0,1,2,2,6.0,0,0,6.8,0,0,0,0,6.5,6.5,7.8,6.9,1
MK2_0443,0,0,0,0,1,3,5.0,0,0,5.5,0,0,0,0,4.5,2.5,4.5,4.6,0
MK2_0444,0,0,0,0,1,1,5.0,0,0,3.5,0,0,0,0,3.0,3.0,3.5,3.7,0
MK2_0445,0,0,0,0,2,3,8.5,0,0,8.5,0,0,0,0,6.5,7.0,7.5,7.8,1
MK2_0446,0,1,0,1,1,1,5.5,0,0,5.8,1,0,1,0,6.0,2.0,5.8,5.3,1
MK2_0447,0,0,0,0,1,1,6.5,0,0,6.5,0,0,0,0,5.0,7.0,8.0,6.9,1
MK2_0448,0,1,0,0,3,0,4.5,0,0,5.5,0,0,0,0,5.0,4.0,3.5,4.4,0
MK2_0449,0,0,0,1,1,2,5.0,0,0,5.0,0,0,0,0,5.0,4.0,3.5,4.4,0
MK2_0450,0,1,0,0,2,3,4.0,0,0,5.0,2,0,2,0,5.5,3.0,3.5,4.1,0
MK2_0451,0,1,0,1,1,1,6.5,0,0,4.8,0,0,0,0,5.0,8.5,7.0,6.3,1
MK2_0452,0,0,0,0,1,2,4.5,0,0,6.3,0,0,0,0,4.5,2.0,2.8,4.1,0
MK2_0453,0,1,0,0,0,0,4.0,0,0,3.0,2,2,2,2,3.0,4.0,1.5,2.8,0
MK2_0454,0,0,0,0,2,2,5.0,0,0,3.8,0,0,0,0,5.5,2.5,3.5,4.0,0
MK2_0455,0,1,0,0,0,3,6.0,0,0,3.3,0,0,0,0,5.0,2.0,4.8,4.4,0
MK2_0456,0,1,0,0,2,2,4.0,0,0,5.0,0,0,0,0,5.0,5.0,4.8,4.7,0
MK2_0457,0,0,0,0,3,3,7.5,0,0,7.3,0,0,0,0,7.0,5.5,7.8,7.3,1
MK2_0458,0,1,0,0,2,2,5.5,0,0,6.3,0,0,0,0,4.0,3.0,4.0,4.7,0
MK2_0459,0,1,0,0,3,3,6.5,0,0,6.5,0,0,0,0,5.0,6.0,5.0,5.8,1
MK2_0460,0,1,0,0,2,1,8.0,0,0,6.5,0,0,0,0,6.5,4.0,8.5,7.2,1
MK2_0461,0,1,0,0,2,2,5.0,0,0,8.0,0,0,0,0,6.0,3.5,6.5,6.1,1
MK2_0462,0,0,0,0,1,1,7.5,0,0,6.5,0,0,0,0,6.5,5.0,5.3,6.2,1
MK2_0463,0,0,0,0,1,2,9.5,0,0,9.3,0,0,0,0,9.0,8.0,9.5,9.2,1
MK2_0464,0,1,0,2,1,2,4.5,0,0,2.8,0,0,0,0,5.5,2.5,5.0,4.2,0
MK2_0465,0,0,0,0,2,2,5.5,0,0,3.3,0,0,0,0,4.5,2.0,4.3,4.1,0
MK2_0466,0,0,0,1,0,1,6.0,0,0,4.8,0,0,0,0,4.0,5.0,5.5,5.2,1
MK2_0467,0,0,0,0,2,2,5.0,0,0,3.5,0,0,0,0,6.0,5.0,3.5,4.3,0
MK2_0468,0,1,0,0,2,2,5.0,0,0,7.0,0,0,0,0,9.0,5.5,6.0,6.3,1
MK2_0469,0,1,0,0,3,0,7.0,0,0,6.0,0,0,0,0,5.0,4.0,7.5,6.4,1
MK2_0470,0,1,0,0,0,0,5.5,0,0,5.3,0,0,0,0,5.0,3.0,4.8,4.9,0
MK2_0471,0,1,0,0,2,2,4.5,0,0,6.5,0,0,0,0,4.0,4.0,5.3,5.1,1
MK2_0472,0,1,0,0,3,3,6.5,1,0,8.5,1,0,0,0,4.5,6.0,6.5,6.7,1
MK2_0473,0,0,0,0,2,2,7.0,0,0,6.5,0,0,0,0,4.0,7.0,7.0,6.6,1
MK2_0474,0,0,0,1,1,1,4.5,0,0,1.0,0,0,0,0,6.0,3.0,2.5,3.1,0
MK2_0475,0,0,0,0,1,1,8.0,0,0,8.5,0,0,0,0,8.5,7.5,7.8,8.0,1
MK2_0476,0,0,0,0,2,2,6.5,0,0,5.8,0,0,0,0,4.5,3.0,6.8,5.8,1
MK2_0477,0,1,0,0,1,1,6.5,0,0,5.0,1,0,1,0,4.5,3.0,5.3,5.2,1
MK2_0478,0,0,0,1,2,2,5.5,0,0,4.0,0,0,0,0,4.0,5.5,6.3,5.3,1
MK2_0479,0,1,0,1,3,3,6.0,0,0,6.3,0,0,0,0,5.5,3.0,4.0,5.0,1
MK2_0480,0,0,0,1,2,1,4.5,0,0,2.3,0,0,0,0,4.0,3.0,5.3,4.1,0
MK2_0481,0,1,0,0,2,2,5.5,0,0,6.0,0,0,0,0,6.0,5.0,4.5,5.3,1
MK2_0482,0,0,0,1,3,3,6.5,2,0,6.8,2,0,0,0,6.5,5.0,7.5,6.7,1
MK2_0483,0,0,0,1,2,1,6.0,0,0,7.5,0,0,0,0,9.0,5.5,6.5,6.8,1
MK2_0484,0,0,0,1,2,1,5.0,0,0,6.5,0,0,0,0,4.5,3.0,5.8,5.3,1
MK2_0485,0,1,0,0,1,1,6.5,0,0,6.0,0,0,0,0,5.0,3.5,7.5,6.2,1
MK2_0486,0,1,0,0,2,2,7.0,0,0,7.0,0,0,0,0,5.0,5.0,5.3,6.0,1
MK2_0487,0,0,0,0,1,1,3.5,0,0,2.5,0,0,0,0,3.5,3.0,2.3,2.8,0
MK2_0488,0,1,0,0,2,2,5.0,0,0,6.3,0,0,0,0,5.0,4.0,6.8,5.8,1
MK2_0489,0,1,0,0,2,4,5.0,0,0,5.5,0,0,0,0,5.0,3.0,3.8,4.5,0
MK2_0490,0,1,0,0,2,3,4.5,1,0,5.8,1,0,0,0,4.0,5.0,5.0,5.0,1
MK2_0491,0,0,0,0,3,3,5.0,0,0,5.3,0,0,0,0,4.5,4.0,6.0,5.2,1
MK2_0492,0,0,0,1,1,1,6.5,0,0,5.0,0,0,0,0,5.0,3.0,5.5,5.3,1
MK2_0493,0,1,0,0,2,2,5.0,0,0,3.5,0,0,0,0,5.5,4.0,3.8,4.2,0
MK2_0494,0,0,0,1,1,1,5.0,0,0,4.3,0,0,0,0,5.0,3.5,5.0,4.7,0
MK2_0495,0,0,0,1,1,2,5.5,0,0,4.5,0,0,0,0,5.0,5.0,4.5,4.8,0
MK2_0496,0,1,0,0,2,3,5.0,0,0,5.0,0,0,0,0,5.0,3.0,5.0,4.8,0
MK2_0497,0,0,0,1,2,2,6.0,0,0,7.0,0,0,0,0,5.5,5.0,5.0,5.7,1
MK2_0498,0,1,0,1,2,1,4.5,0,0,6.3,0,0,0,0,5.0,2.0,6.0,5.2,1
MK2_0499,0,0,0,0,2,1,5.0,1,0,3.0,1,0,0,0,6.0,6.0,4.5,4.6,0
MK2_0500,0,1,0,1,0,3,5.0,1,0,4.3,1,0,0,0,5.5,4.0,6.8,5.4,1
MK2_0501,0,1,0,0,0,2,6.0,0,0,5.8,0,0,0,0,5.5,5.0,6.3,5.9,1
MK2_0502,0,1,0,1,1,0,4.0,1,0,3.0,1,0,0,0,3.5,4.0,2.0,3.1,0
MK2_0503,0,0,0,1,2,1,9.0,0,0,10.0,0,0,0,0,7.0,5.5,7.3,8.0,1
MK2_0504,0,1,0,0,2,1,7.0,0,0,6.8,0,0,0,0,8.5,7.5,7.3,7.3,1
MK2_0505,0,1,0,1,2,2,6.0,0,0,8.0,0,0,0,0,7.0,5.0,5.5,6.3,1
MK2_0506,0,1,0,0,2,2,4.0,1,0,4.3,2,0,1,0,5.0,4.0,4.0,4.2,0
MK2_0507,0,1,0,0,2,1,7.5,0,0,8.8,0,0,0,0,4.0,5.0,7.8,7.2,1
MK2_0508,0,1,0,0,3,1,9.5,0,0,8.3,0,0,0,0,10.0,10.0,8.8,9.1,1
MK2_0509,0,0,0,1,1,1,8.0,1,0,4.5,1,0,0,0,3.0,9.0,4.3,5.5,1
MK2_0510,0,1,0,0,1,2,8.5,0,0,6.8,0,0,0,0,10.0,10.0,7.3,8.1,1
MK2_0511,0,1,0,1,1,3,8.0,1,0,9.0,1,0,0,0,7.0,10.0,3.0,6.7,1
MK2_0512,0,0,0,0,2,2,7.5,1,0,6.3,2,1,1,1,5.0,10.0,5.5,6.6,1
MK2_0513,0,1,0,0,1,2,8.5,0,0,8.0,0,0,0,0,5.0,10.0,6.3,7.4,1
MK2_0514,0,0,0,0,2,1,8.5,0,0,8.5,0,0,0,0,4.0,4.0,4.0,6.0,1
MK2_0515,0,0,0,1,3,2,6.5,1,0,3.3,1,0,0,0,6.0,5.0,3.5,4.6,0
MK2_0516,0,0,0,1,2,2,9.0,0,0,8.3,0,0,0,0,10.0,10.0,7.5,8.6,1
MK2_0517,0,0,0,0,2,2,7.0,0,1,3.5,0,1,0,0,4.0,10.0,5.8,5.8,1
MK2_0518,0,0,0,0,1,4,8.5,0,0,7.0,0,0,0,0,5.0,10.0,7.0,7.4,1
MK2_0519,1,0,0,0,4,4,9.0,0,0,8.3,0,0,0,0,10.0,10.0,8.3,8.8,1
MK2_0520,0,0,0,0,2,2,7.5,0,0,8.0,0,0,0,0,8.0,10.0,6.8,7.7,1
MK2_0521,0,0,0,0,3,3,9.5,0,0,7.0,0,0,0,0,10.0,10.0,7.3,8.3,1
MK2_0522,0,0,0,0,3,4,8.5,0,0,7.3,0,0,0,0,10.0,10.0,6.8,8.0,1
MK2_0523,0,1,0,0,2,1,7.0,0,0,5.5,0,0,0,0,10.0,10.0,2.8,5.9,1
MK2_0524,0,1,0,1,2,2,8.5,0,0,7.8,0,0,0,0,9.0,5.0,3.8,6.4,1
MK2_0525,1,1,0,0,1,3,8.0,0,0,9.5,0,0,0,0,10.0,10.0,6.3,8.2,1
MK2_0526,0,0,0,0,1,1,9.5,0,0,7.8,0,0,0,0,10.0,10.0,8.3,8.8,1
MK2_0527,0,1,0,0,3,1,8.0,0,0,6.0,0,0,0,0,10.0,10.0,4.8,6.9,1
MK2_0528,0,1,1,0,3,1,8.0,0,0,7.3,0,0,0,0,10.0,9.0,6.8,7.8,1
MK2_0529,0,1,0,0,3,4,9.0,0,0,9.0,0,0,0,0,9.0,10.0,7.8,8.7,1
MK2_0530,0,1,0,0,2,3,8.0,0,0,4.5,0,0,0,0,10.0,10.0,1.8,5.6,1
MK2_0531,0,1,0,0,3,3,10.0,0,0,9.5,0,0,0,0,10.0,10.0,9.0,9.6,1
MK2_0532,0,0,0,0,2,1,6.5,1,0,4.5,1,0,0,0,7.0,10.0,4.5,5.8,1
MK2_0533,0,0,0,0,1,4,9.5,0,0,9.3,0,0,0,0,10.0,10.0,9.3,9.5,1
MK2_0534,0,0,0,0,1,3,9.5,0,0,7.0,0,0,0,0,7.0,10.0,5.3,7.3,1
MK2_0535,0,0,0,1,3,0,8.5,0,0,3.8,3,3,3,3,6.0,5.0,2.8,4.9,0
MK2_0536,0,1,0,0,2,1,8.0,0,0,6.5,0,0,0,0,10.0,10.0,8.0,8.1,1
MK2_0537,0,1,0,0,3,3,10.0,0,0,9.8,0,0,0,0,10.0,10.0,9.5,9.8,1
MK2_0538,0,1,0,1,2,2,6.5,0,0,3.5,0,0,0,0,8.0,10.0,5.0,5.9,1
MK2_0539,0,0,0,1,1,3,9.5,0,0,7.3,0,0,0,0,10.0,8.0,7.8,8.3,1
MK2_0540,0,0,0,3,2,3,8.5,0,0,8.8,0,0,0,0,10.0,10.0,7.5,8.6,1
MK2_0541,0,1,0,0,2,3,8.5,0,0,5.0,0,0,0,0,7.0,10.0,5.5,6.7,1
MK2_0542,0,0,0,0,3,2,7.0,0,0,6.0,0,0,0,0,8.0,10.0,6.5,7.1,1
MK2_0543,0,1,0,2,3,1,7.5,0,0,5.0,1,0,1,0,5.0,10.0,2.8,5.4,1
MK2_0544,0,1,0,1,2,0,7.0,0,0,8.5,0,0,0,0,8.0,10.0,5.8,7.4,1
MK2_0545,1,1,1,2,3,3,8.0,0,0,7.8,0,0,0,0,7.0,10.0,7.5,7.9,1
MK2_0546,0,0,0,0,1,1,10.0,0,0,9.3,0,0,0,0,10.0,10.0,7.0,8.8,1
MK2_0547,0,1,0,1,2,1,9.0,0,0,6.0,0,0,0,0,7.0,10.0,5.5,7.1,1
MK2_0548,0,1,0,0,2,1,8.5,0,0,6.0,1,0,1,0,7.0,10.0,6.0,7.1,1
MK2_0549,0,0,0,0,2,1,10.0,0,0,7.0,0,0,0,0,8.0,10.0,5.3,7.5,1
MK2_0550,0,0,0,0,2,3,9.5,0,0,6.5,1,0,1,0,5.0,5.0,6.5,6.8,1
MK2_0551,0,1,0,0,1,3,8.5,0,0,6.8,0,0,0,0,10.0,7.0,5.8,7.2,1
MK2_0552,0,0,0,0,2,1,8.0,0,0,6.8,0,0,0,0,7.0,8.0,5.3,6.7,1
MK2_0553,0,0,0,0,2,1,9.5,0,0,7.5,0,0,0,0,10.0,10.0,7.8,8.6,1
MK2_0554,0,1,0,0,2,3,8.5,0,0,7.8,0,0,0,0,7.0,10.0,7.5,8.0,1
MK2_0555,0,0,0,2,3,1,8.5,0,0,6.8,0,0,0,0,10.0,10.0,7.0,8.0,1
MK2_0556,0,0,0,0,2,1,8.0,0,0,5.0,1,0,1,0,10.0,10.0,4.0,6.4,1
MK2_0557,0,0,0,0,3,1,7.5,0,0,5.8,1,0,1,0,10.0,9.0,6.8,7.3,1
MK2_0558,0,0,0,0,2,3,6.5,1,0,4.5,1,0,0,0,10.0,8.0,4.5,5.9,1
MK2_0559,0,1,0,0,3,3,10.0,0,0,9.0,0,0,0,0,10.0,10.0,9.3,9.5,1
MK2_0560,0,1,0,0,4,4,10.0,0,0,10.0,0,0,0,0,10.0,10.0,9.5,9.8,1
MK2_0561,0,0,0,0,2,3,7.5,1,0,5.0,1,0,0,0,7.0,10.0,5.3,6.4,1
MK2_0562,0,1,0,0,2,1,7.0,1,0,6.3,1,0,0,0,10.0,7.0,2.8,5.8,1
MK2_0563,0,0,0,1,1,3,6.0,0,0,8.0,0,0,0,0,5.0,9.0,3.5,5.8,1
MK2_0564,0,1,0,0,2,1,7.0,0,0,5.5,0,0,0,0,5.0,9.0,4.0,5.7,1
MK2_0565,0,1,0,0,3,3,6.5,0,0,2.0,1,0,1,0,9.0,10.0,2.8,4.9,0
MK2_0566,0,1,0,1,3,3,9.5,0,0,8.5,0,0,0,0,10.0,10.0,7.0,8.6,1
MK2_0567,0,0,0,0,2,1,4.5,4,0,5.5,6,0,2,0,8.0,10.0,2.3,5.0,1
MK2_0568,0,1,0,0,1,1,7.5,0,0,5.8,0,0,0,0,8.0,10.0,6.5,7.1,1
MK2_0569,0,0,0,0,1,1,8.0,0,0,8.3,0,0,0,0,8.0,10.0,8.3,8.4,1
MK2_0570,1,0,0,0,2,2,6.5,0,0,2.8,0,0,0,0,5.0,10.0,6.8,6.0,1
MK2_0571,0,1,1,0,2,2,7.0,0,0,3.5,0,1,0,1,5.0,5.0,2.5,4.3,0
MK2_0572,0,0,0,0,2,1,8.0,0,0,6.3,0,0,0,0,8.0,10.0,5.5,7.0,1
MK2_0573,0,1,0,0,2,0,8.5,2,0,3.5,4,0,2,0,10.0,10.0,5.3,6.7,1
MK2_0574,0,0,0,0,3,3,7.5,1,0,5.5,2,0,1,0,6.0,10.0,4.5,6.2,1
MK2_0575,0,1,0,1,0,2,8.5,0,0,6.0,0,0,0,0,10.0,10.0,7.5,7.9,1
MK2_0576,0,1,0,0,0,1,8.0,1,0,5.3,2,0,1,0,10.0,10.0,5.3,6.9,1
MK2_0577,0,1,0,1,3,3,9.0,2,0,6.3,2,0,0,0,8.0,7.0,7.0,7.4,1
MK2_0578,0,0,0,1,2,1,8.0,1,0,4.3,2,0,1,0,5.0,5.0,4.5,5.3,1
MK2_0579,0,0,0,0,2,3,9.5,0,0,6.0,0,0,0,0,7.0,10.0,7.8,7.9,1
MK2_0580,0,0,0,0,2,2,9.5,0,0,9.3,0,0,0,0,10.0,10.0,8.5,9.2,1
MK2_0581,0,1,0,1,2,2,8.5,0,0,7.0,0,0,0,0,9.0,8.0,7.3,7.8,1
MK2_0582,0,1,0,0,2,1,7.5,0,0,5.8,0,0,0,0,9.0,10.0,7.3,7.5,1
MK2_0583,0,0,0,0,1,1,5.65,0,0,6.0,0,0,0,0,4.5,3.8,7.0,5.8,1
MK2_0584,0,1,0,1,2,2,6.15,0,0,6.8,1,0,1,0,4.3,4.0,7.3,6.2,1
MK2_0585,1,1,0,1,1,3,5.15,2,0,4.8,4,0,2,0,5.3,3.0,4.8,4.7,0
MK2_0586,0,1,0,0,4,4,9.4,0,0,9.5,0,0,0,0,9.5,8.5,7.5,8.7,1
MK2_0587,0,1,0,0,2,2,6.5,0,0,6.0,0,0,0,0,7.5,5.5,5.8,6.2,1
MK2_0588,0,0,0,0,3,3,9.5,0,0,9.0,0,0,0,0,10.0,9.3,6.5,8.4,1
MK2_0589,0,1,0,1,1,2,6.8,0,0,7.8,0,0,0,0,5.0,0.0,6.3,5.9,1
MK2_0590,0,0,0,1,1,2,5.65,0,0,4.0,0,0,0,0,2.5,1.5,4.8,4.2,0
MK2_0591,0,0,0,0,2,3,6.25,0,0,6.3,0,0,0,0,5.0,5.0,4.8,5.5,1
MK2_0592,0,1,0,1,3,3,8.65,0,0,9.5,0,0,0,0,6.8,8.3,9.3,8.8,1
MK2_0593,1,1,0,0,2,1,6.0,0,0,6.8,2,0,2,0,4.5,3.3,5.8,5.6,1
MK2_0594,0,0,1,0,4,4,8.9,0,0,6.5,0,0,0,0,8.5,8.0,8.3,8.0,1
MK2_0595,1,0,0,0,3,3,3.75,0,0,6.0,0,0,0,0,5.0,5.0,4.8,4.9,0
MK2_0596,0,0,0,0,3,1,8.0,0,0,7.3,0,0,0,0,6.3,5.0,6.5,6.8,1
MK2_0597,0,1,0,0,2,1,6.0,1,0,6.5,2,0,1,0,3.0,2.0,8.5,6.2,1
MK2_0598,0,0,0,0,2,2,7.8,0,0,8.8,3,0,3,0,8.5,6.3,7.8,7.9,1
MK2_0599,0,1,0,1,1,1,5.9,0,0,4.5,0,0,0,0,4.0,0.5,3.8,4.1,0
MK2_0600,0,1,0,0,2,4,6.15,1,0,6.0,1,0,0,0,5.5,3.3,6.5,5.8,1
MK2_0601,0,1,0,1,2,3,8.15,0,0,8.8,0,0,0,0,5.0,1.5,5.8,6.4,1
MK2_0602,0,1,0,0,3,1,6.15,1,0,8.0,1,0,0,0,3.5,5.5,7.0,6.5,1
MK2_0603,0,0,0,0,0,4,8.75,0,0,7.5,0,0,0,0,5.3,4.3,6.5,6.8,1
MK2_0604,0,1,0,0,2,1,5.75,1,0,5.0,1,0,0,0,4.5,1.8,4.5,4.6,0
MK2_0605,0,0,0,1,2,2,7.4,0,0,9.3,0,0,0,0,1.0,5.8,8.0,7.1,1
MK2_0606,0,0,0,0,3,3,7.05,0,0,7.5,0,0,0,0,6.0,7.0,6.8,6.9,1
MK2_0607,0,1,0,0,2,2,8.25,0,0,9.0,0,0,0,0,6.5,8.5,4.5,7.0,1
MK2_0608,0,1,0,1,2,2,8.9,0,0,9.3,0,0,0,0,8.3,8.5,8.3,8.7,1
MK2_0609,0,0,0,0,2,3,5.4,0,0,4.8,0,0,0,0,2.5,1.5,4.8,4.3,0
MK2_0610,1,1,0,0,2,1,3.15,0,0,7.5,0,0,0,0,2.0,5.0,5.8,5.1,1
MK2_0611,0,0,0,1,2,2,6.4,0,0,7.0,0,0,0,0,4.0,5.8,6.0,6.1,1
MK2_0612,0,0,0,0,4,1,6.0,0,0,5.8,0,0,0,0,5.0,4.5,3.5,4.8,0
MK2_0613,1,0,0,1,3,3,7.15,0,0,8.5,0,0,0,0,9.3,8.3,8.3,8.2,1
MK2_0614,0,0,0,1,3,3,5.5,0,0,5.0,1,0,1,0,2.8,2.8,5.5,4.8,0
MK2_0615,0,0,1,0,3,3,7.8,0,0,9.5,1,0,1,0,6.3,6.8,8.3,8.1,1
MK2_0616,0,1,0,0,3,1,6.4,0,0,6.0,0,0,0,0,4.8,4.5,4.8,5.4,1
MK2_0617,0,1,0,1,1,2,7.8,0,0,6.5,2,0,2,0,7.0,8.0,8.5,7.7,1
MK2_0618,0,1,0,0,1,3,9.4,0,0,9.3,0,0,0,0,10.0,8.0,9.0,9.2,1
MK2_0619,0,1,0,0,2,4,9.9,0,0,9.5,0,0,0,0,10.0,9.5,9.0,9.5,1
MK2_0620,0,0,0,0,1,3,6.0,0,0,8.0,0,0,0,0,4.3,7.3,6.0,6.4,1
MK2_0621,0,0,0,0,2,1,5.15,0,0,6.0,0,0,0,0,4.8,1.0,5.3,4.9,0
MK2_0622,0,1,0,0,0,3,3.75,0,0,6.0,0,0,0,0,5.0,2.8,4.0,4.4,0
MK2_0623,0,0,0,1,2,1,4.4,0,0,7.5,0,0,0,0,3.5,3.0,4.5,4.9,0
MK2_0624,0,0,0,0,3,1,4.75,0,0,2.3,0,0,0,0,5.0,0.0,3.8,3.4,0
MK2_0625,0,0,0,0,3,4,7.9,0,0,8.5,0,0,0,0,10.0,8.5,5.8,7.6,1
MK2_0626,0,0,0,0,4,4,6.05,0,0,6.3,0,0,0,0,5.0,6.5,6.0,6.0,1
MK2_0627,1,1,0,0,2,2,8.75,0,0,7.5,0,0,0,0,7.0,7.5,8.0,7.9,1
MK2_0628,0,1,0,1,0,2,7.4,0,0,6.5,0,0,0,0,6.8,6.3,5.3,6.3,1
MK2_0629,0,1,0,0,2,1,6.0,1,0,4.5,2,0,1,0,6.0,9.0,3.5,5.2,1
MK2_0630,0,0,0,0,2,4,4.5,0,0,6.3,0,0,0,0,9.0,7.0,6.0,6.2,1
MK2_0631,0,0,0,0,2,1,9.0,0,0,9.5,0,0,0,0,10.0,10.0,9.0,9.3,1
MK2_0632,0,0,0,0,1,1,8.0,3,0,6.8,3,0,0,0,7.0,4.0,4.8,6.1,1
MK2_0633,0,0,0,0,1,3,7.5,0,0,6.5,0,0,0,0,5.0,10.0,4.8,6.4,1
MK2_0634,1,1,0,1,3,3,8.5,0,0,8.8,0,0,0,0,8.0,9.0,4.3,7.2,1
MK2_0635,0,0,0,1,3,1,5.5,0,0,4.5,0,0,0,0,5.0,8.0,4.0,5.0,1
MK2_0636,0,1,0,1,1,1,6.5,0,0,3.8,0,0,0,0,3.0,5.0,2.8,4.1,0
MK2_0637,0,0,0,2,3,3,8.0,0,0,6.3,1,0,1,0,7.0,9.0,4.5,6.5,1
MK2_0638,1,1,0,1,1,1,6.5,2,0,5.0,2,0,0,0,4.0,5.0,3.5,4.7,0
MK2_0639,0,0,0,1,2,1,9.5,0,0,7.3,0,0,0,0,8.0,10.0,6.8,8.0,1
MK2_0640,0,1,0,1,1,1,7.5,0,0,6.8,0,0,0,0,6.0,5.0,4.3,5.8,1
MK2_0641,0,0,0,1,2,1,7.0,0,0,5.0,0,0,0,0,4.0,7.0,7.0,6.2,1
MK2_0642,0,0,0,0,4,2,8.5,0,0,8.3,0,0,0,0,7.0,9.0,7.5,8.0,1
MK2_0643,0,1,0,0,3,3,9.5,0,0,8.8,0,0,0,0,10.0,10.0,7.8,8.9,1
MK2_0644,0,1,0,2,4,4,10.0,0,0,8.5,0,0,0,0,9.0,9.0,8.5,8.9,1
MK2_0645,0,0,0,1,0,1,7.5,1,0,6.0,2,0,1,0,6.0,8.0,3.8,5.8,1
MK2_0646,1,1,0,0,2,1,7.0,0,0,8.5,0,0,0,0,3.0,9.0,9.0,7.8,1
MK2_0647,0,0,0,0,1,1,5.0,0,0,6.0,1,0,1,0,4.0,6.0,6.0,5.6,1
MK2_0648,0,1,0,1,1,1,5.5,0,0,4.5,0,0,0,0,5.0,6.0,4.0,4.8,0
MK2_0649,1,0,0,0,3,2,9.0,1,0,6.0,1,0,0,0,2.0,4.0,6.0,6.0,1
MK2_0650,0,0,0,0,2,2,8.0,1,0,6.5,2,0,1,0,6.0,10.0,6.3,7.1,1
MK2_0651,0,1,0,0,2,1,9.5,0,0,7.8,0,0,0,0,8.0,10.0,7.3,8.3,1
MK2_0652,0,0,0,1,2,2,9.0,1,0,8.0,1,0,0,0,8.0,9.0,6.5,7.8,1
MK2_0653,0,1,0,0,2,2,9.0,0,0,7.5,0,0,0,0,1.0,8.0,4.3,6.1,1
MK2_0654,0,1,0,0,2,3,7.5,0,0,5.0,0,0,0,0,5.0,5.0,5.0,5.6,1
MK2_0655,1,0,1,0,1,1,8.0,0,0,5.5,0,0,0,0,7.0,5.0,5.8,6.3,1
MK2_0656,0,1,0,0,3,3,6.0,0,0,4.5,0,0,0,0,4.0,5.0,5.8,5.3,1
MK2_0657,0,0,0,0,1,1,6.0,0,0,3.8,0,0,0,0,3.0,4.0,4.0,4.3,0
MK2_0658,1,0,0,0,1,1,8.5,0,0,4.5,0,0,0,0,4.0,9.0,4.8,5.9,1
MK2_0659,0,0,0,1,1,1,6.5,0,0,4.3,1,0,1,0,3.0,5.0,5.3,5.1,1
MK2_0660,0,0,0,0,2,2,8.5,0,0,6.5,0,0,0,0,8.0,9.0,7.0,7.6,1
MK2_0661,1,1,0,0,4,4,8.5,0,0,7.3,0,0,0,0,8.0,7.0,9.3,8.3,1
MK2_0662,1,0,0,3,2,1,7.0,0,0,4.3,0,0,0,0,3.0,6.0,4.0,4.8,0
MK2_0663,0,1,0,0,1,1,9.0,0,0,5.0,2,0,2,0,2.0,6.0,6.3,6.1,1
MK2_0664,0,1,0,0,2,1,7.0,1,0,3.8,1,0,0,0,4.0,9.0,2.5,4.7,0
MK2_0665,0,0,0,1,2,1,8.5,1,0,7.3,1,0,0,0,5.0,8.0,7.5,7.5,1
MK2_0666,0,0,0,0,3,3,7.5,1,0,6.8,1,0,0,0,8.0,9.0,6.5,7.2,1
MK2_0667,0,0,0,0,1,1,5.5,1,0,3.8,2,0,1,0,5.0,3.0,3.8,4.2,0
MK2_0668,0,1,0,0,2,1,7.5,0,0,5.0,1,0,1,0,3.0,6.0,4.0,5.1,1
MK2_0669,0,1,0,1,1,1,8.5,0,0,7.0,0,0,0,0,7.0,7.0,2.8,5.9,1
MK2_0670,0,1,0,0,4,1,10.0,0,0,8.5,0,0,0,0,10.0,9.0,7.0,8.6,1
MK2_0671,0,0,0,0,4,4,9.5,0,0,8.0,0,0,0,0,5.0,9.0,4.8,7.0,1
MK2_0672,0,1,0,0,4,4,9.5,0,0,7.0,0,0,0,0,7.0,10.0,8.0,8.2,1
MK2_0673,0,1,0,0,3,1,8.5,1,0,5.8,1,0,0,0,5.0,8.0,5.5,6.5,1
MK2_0674,0,1,0,0,2,3,9.0,1,0,6.8,1,0,0,0,5.0,9.0,5.0,6.7,1
MK2_0675,1,1,0,0,4,3,7.5,0,0,4.5,0,0,0,0,4.0,7.0,4.8,5.5,1